timestamp,label_octal,ssm_bits,data_bits,parity_bit,raw_hex,is_anomaly
1777390145.817714,206,11,1100001011110011111,1,0xF85E7E61,0
1777390145.818714,203,11,1101001000001000000,1,0xFA4103C1,0
1777390145.819714,360,11,1011001011111111001,1,0xF65FE60F,0
1777390145.820714,203,11,1100110100110110011,0,0x79A6CEC1,0
1777390145.821714,203,11,1001100000101110001,0,0x7305C7C1,0
1777390145.822714,206,11,1100101110110100001,1,0xF9768661,0
1777390145.823714,360,11,0100001111001101100,1,0xE879B10F,0
1777390145.824714,360,11,1000011010000011011,1,0xF0D06C0F,0
1777390145.825714,203,11,1111011001100110101,0,0x7ECCD4C1,0
1777390145.826714,360,11,0011001001100010110,1,0xE64C580F,0
1777390145.827714,206,11,0111001111001011101,1,0xEE797661,0
1777390145.828714,360,11,0101010101100110001,1,0xEAACC50F,0
1777390145.829714,360,11,1011100111111110100,1,0xF73FD20F,0
1777390145.830714,360,11,1111100101110110001,0,0x7F2EC50F,0
1777390145.831714,360,11,0111111010100001111,1,0xEFD43F0F,0
1777390145.832714,360,11,0111110011010010011,1,0xEF9A4E0F,0
1777390145.833714,203,11,0001000100011001000,0,0x622321C1,0
1777390145.834714,206,11,0101000011101000010,1,0xEA1D0861,0
1777390145.835714,203,11,1111001111100001110,1,0xFE7C3AC1,0
1777390145.836714,360,11,0010011001100011101,1,0xE4CC760F,0
1777390145.837714,203,11,0100100110011001110,0,0x693339C1,0
1777390145.838714,360,11,0111011000011000111,1,0xEEC31F0F,0
1777390145.839714,206,11,0101101000111000010,1,0xEB470A61,0
1777390145.840714,206,11,0010001011011001100,0,0x645B3361,0
1777390145.841714,360,11,0100000010111100000,0,0x6817810F,0
1777390145.842714,203,11,1001111111010110011,1,0xF3FACFC1,0
1777390145.843714,360,11,0111100000011110000,0,0x6F03C20F,0
1777390145.844714,206,11,1000101000111011001,0,0x71476561,0
1777390145.845714,203,11,1100001101100011101,1,0xF86C76C1,0
1777390145.846714,203,11,0011100110011111110,1,0xE733FAC1,0
1777390145.847714,360,11,0110000100001001110,0,0x6C213B0F,0
1777390145.848714,360,11,1101001000000010010,0,0x7A40490F,0
1777390145.849714,360,11,0001010111111001000,0,0x62BF200F,0
1777390145.850714,206,11,1101011101011100110,1,0xFAEB9A61,0
1777390145.851714,360,11,1101000111001100000,1,0xFA39830F,0
1777390145.852714,206,11,1101101111011100110,1,0xFB7B9B61,0
1777390145.853714,360,11,0111000110111110011,0,0x6E37CD0F,0
1777390145.854714,206,11,0111110111011100001,1,0xEFBB8561,0
1777390145.855714,360,11,0101010000010001011,1,0xEA822E0F,0
1777390145.856714,360,11,1101101100111110111,0,0x7B67DD0F,0
1777390145.857714,360,11,1000111101111000100,0,0x71EF120F,0
1777390145.858714,206,11,0010010111101100000,0,0x64BD8061,0
1777390145.859714,203,11,1011110000110101010,0,0x7786A8C1,0
1777390145.860714,206,11,0010100110001110000,0,0x6531C161,0
1777390145.861714,360,11,1010000111110011100,1,0xF43E730F,0
1777390145.862714,360,11,1100111000100000100,1,0xF9C4120F,0
1777390145.863714,206,11,1011000011110010101,1,0xF61E5661,0
1777390145.864714,206,11,0001010011000111111,0,0x6298FC61,0
1777390145.865714,360,11,1010100011011101100,0,0x751BB10F,0
1777390145.866714,360,11,0011001001100100100,0,0x664C900F,0
1777390145.867714,360,11,1010010001111011111,1,0xF48F7F0F,0
1777390145.868714,206,11,0110111000111101100,1,0xEDC7B361,0
1777390145.869714,360,11,0111011000101111110,0,0x6EC5F90F,0
1777390145.870714,206,11,0001000101010000011,1,0xE22A0D61,0
1777390145.871714,203,11,1001010010001110010,0,0x7291C8C1,0
1777390145.872714,360,11,1110100110101110100,1,0xFD35D10F,0
1777390145.873714,360,11,1000110011011010011,1,0xF19B4C0F,0
1777390145.874714,203,11,1000010110100101100,1,0xF0B4B2C1,0
1777390145.875714,360,11,1110101100101000110,1,0xFD651B0F,0
1777390145.876714,203,11,0101111100011111110,0,0x6BE3FAC1,0
1777390145.877714,360,11,0000111001111011100,1,0xE1CF700F,0
1777390145.878714,203,11,1001111110001000000,0,0x73F103C1,0
1777390145.879714,206,11,0000001100010011100,1,0xE0627161,0
1777390145.880714,206,11,0110110011010000011,1,0xED9A0C61,0
1777390145.881714,203,11,0011100011011001010,1,0xE71B28C1,0
1777390145.882714,360,11,0010111110100001000,1,0xE5F4200F,0
1777390145.883714,360,11,1000101111110010101,1,0xF17E560F,0
1777390145.884714,360,11,1110110010100101001,0,0x7D94A60F,0
1777390145.885714,206,11,1111111100101100100,0,0x7FE59361,0
1777390145.886714,203,11,0000011001010011101,1,0xE0CA76C1,0
1777390145.887714,360,11,0011011101010001001,0,0x66EA240F,0
1777390145.888714,203,11,1011000001111011100,0,0x760F73C1,0
1777390145.889714,203,11,0000000000000111111,0,0x6000FCC1,0
1777390145.890714,360,11,0111010011011011110,0,0x6E9B7A0F,0
1777390145.891714,360,11,1000001011011000011,0,0x705B0D0F,0
1777390145.892714,203,11,1111101101111111011,1,0xFF6FEEC1,0
1777390145.893714,206,11,0010010100001011011,0,0x64A16C61,0
1777390145.894714,360,11,0110100010100010101,0,0x6D14550F,0
1777390145.895714,360,11,1101001010101000010,1,0xFA550B0F,0
1777390145.896714,203,11,0001000111101111100,1,0xE23DF1C1,0
1777390145.897714,360,11,1110000010111101010,0,0x7C17AA0F,0
1777390145.898714,360,11,1110110111000110001,0,0x7DB8C70F,0
1777390145.899714,206,11,1011101100111111011,1,0xF767ED61,0
1777390145.900714,360,11,1011001011111110111,0,0x765FDD0F,0
1777390145.901714,360,11,0000000010010100100,0,0x6012910F,0
1777390145.902714,206,11,0100111101010110110,1,0xE9EAD861,0
1777390145.903714,360,11,1000011001101100111,1,0xF0CD9F0F,0
1777390145.904714,206,11,0011001100011000110,1,0xE6631961,0
1777390145.905714,360,11,0011011101110000100,0,0x66EE100F,0
1777390145.906714,206,11,0100101111001001010,0,0x69792A61,0
1777390145.907714,203,11,1110000000100011010,1,0xFC0468C1,0
1777390145.908714,203,11,0101001000010010101,1,0xEA4254C1,0
1777390145.909714,360,11,0100011010000110100,1,0xE8D0D20F,0
1777390145.910714,206,11,0110110110011111010,0,0x6DB3EB61,0
1777390145.911714,206,11,1001100111110010000,1,0xF33E4061,0
1777390145.912714,206,11,1001010110011111001,1,0xF2B3E761,0
1777390145.913714,206,11,1100101101010001100,1,0xF96A3361,0
1777390145.914714,360,11,0111001111110001110,0,0x6E7E390F,0
1777390145.915714,203,11,1011111100000011011,0,0x77E06DC1,0
1777390145.916714,203,11,0101010010101011001,0,0x6A9566C1,0
1777390145.917714,360,11,1000011000010000100,0,0x70C2100F,0
1777390145.918714,360,11,0010111110001001100,1,0xE5F1320F,0
1777390145.919714,206,11,1000001011110111111,1,0xF05EFD61,0
1777390145.920714,360,11,1111100010010011101,1,0xFF12760F,0
1777390145.921714,360,11,0000010001111011001,0,0x608F660F,0
1777390145.922714,203,11,1011100111101100111,1,0xF73D9FC1,0
1777390145.923714,206,11,0000111111111101111,1,0xE1FFBD61,0
1777390145.924714,206,11,1011001101001000001,0,0x76690461,0
1777390145.925714,360,11,1111111110111010001,1,0xFFF7440F,0
1777390145.926714,206,11,1001110111100011100,0,0x73BC7261,0
1777390145.927714,203,11,1001100000011010001,0,0x730346C1,0
1777390145.928714,203,11,1111011100010001110,1,0xFEE23BC1,0
1777390145.929714,360,11,0010110111010110000,0,0x65BAC30F,0
1777390145.930714,203,11,0110110001100000010,0,0x6D8C09C1,0
1777390145.931714,360,11,0001001001101101111,1,0xE24DBC0F,0
1777390145.932714,203,11,0100010001000011100,1,0xE88872C1,0
1777390145.933714,203,11,0010110101000011110,1,0xE5A878C1,0
1777390145.934714,203,11,0111000000111000100,0,0x6E0712C1,0
1777390145.935714,360,11,0111101000110111011,1,0xEF46EC0F,0
1777390145.936714,206,11,1100010000001010110,0,0x78815961,0
1777390145.937714,360,11,0111010010101000001,1,0xEE95070F,0
1777390145.938714,360,11,1010111000111101111,1,0xF5C7BE0F,0
1777390145.939714,203,11,1001100011100000000,0,0x731C00C1,0
1777390145.940714,360,11,1101010001100100101,0,0x7A8C970F,0
1777390145.941714,203,11,1101101010010001001,0,0x7B5226C1,0
1777390145.942714,360,11,0010100111011101001,1,0xE53BA70F,0
1777390145.943714,203,11,1000101001000111110,1,0xF148FBC1,0
1777390145.944714,206,11,0010010100110001010,1,0xE4A62861,0
1777390145.945714,203,11,0001101100100010000,1,0xE36441C1,0
1777390145.946714,203,11,0100001111100000011,0,0x687C0FC1,0
1777390145.947714,203,11,0001101110000111110,1,0xE370FAC1,0
1777390145.948714,360,11,0000100010011000010,0,0x6113080F,0
1777390145.949714,360,11,1011001100100000101,0,0x7664150F,0
1777390145.950714,360,11,1100100110000011100,1,0xF930730F,0
1777390145.951714,206,11,1100111011101110010,1,0xF9DDC961,0
1777390145.952714,360,11,1011101010010101101,1,0xF752B60F,0
1777390145.953714,360,11,1001111101010010101,1,0xF3EA550F,0
1777390145.954714,360,11,0101001100110111001,0,0x6A66E50F,0
1777390145.955714,360,11,1000100110111111100,1,0xF137F20F,0
1777390145.956714,360,11,1101010010010001001,1,0xFA92270F,0
1777390145.957714,206,11,0111000101110001110,0,0x6E2E3861,0
1777390145.958714,206,11,1111001011110110011,0,0x7E5ECE61,0
1777390145.959714,206,11,1110000011101010111,0,0x7C1D5D61,0
1777390145.960714,206,11,1011101101101010001,0,0x776D4561,0
1777390145.961714,360,11,0010001111111000101,0,0x647F160F,0
1777390145.962714,206,11,1010000011010111100,1,0xF41AF361,0
1777390145.963714,203,11,0000011000011111110,0,0x60C3F9C1,0
1777390145.964714,203,11,0100111010111011101,1,0xE9D776C1,0
1777390145.965714,206,11,1001111011110001100,0,0x73DE3261,0
1777390145.966714,203,11,1000000110011101010,1,0xF033AAC1,0
1777390145.967714,203,11,0010000100001101110,0,0x6421BAC1,0
1777390145.968714,360,11,1010011001001001010,0,0x74C9290F,0
1777390145.969714,203,11,1100100101111010111,1,0xF92F5EC1,0
1777390145.970714,206,11,0100010001100111010,1,0xE88CE961,0
1777390145.971714,203,11,1100010101111101000,1,0xF8AFA1C1,0
1777390145.972714,203,11,1011111011100001101,1,0xF7DC35C1,0
1777390145.973714,206,11,0101100101000101011,0,0x6B28AE61,0
1777390145.974714,203,11,0111001100001101110,1,0xEE61B9C1,0
1777390145.975714,360,11,0111101011000110101,0,0x6F58D70F,0
1777390145.976714,206,11,1011111001000110011,0,0x77C8CE61,0
1777390145.977714,206,11,0010010011010000000,0,0x649A0261,0
1777390145.978714,360,11,0110011110110111100,1,0xECF6F00F,0
1777390145.979714,360,11,0100101110111011001,1,0xE977660F,0
1777390145.980714,206,11,1000010010000011011,1,0xF0906C61,0
1777390145.981714,360,11,0000110101010011001,0,0x61AA650F,0
1777390145.982714,360,11,1000001000010010101,1,0xF042570F,0
1777390145.983714,360,11,1111111111000001010,0,0x7FF82A0F,0
1777390145.984714,206,11,0011101110000111011,0,0x6770ED61,0
1777390145.985714,360,11,1000100010111110110,0,0x7117D90F,0
1777390145.986714,203,11,1101110001111000001,0,0x7B8F06C1,1
1777390145.987714,203,11,0110010110000011011,1,0xECB06CC1,0
1777390145.988714,203,11,0111101110110101010,1,0xEF76AAC1,0
1777390145.989714,360,11,0011100010100001110,0,0x6714390F,0
1777390145.990714,203,11,1001111101011010001,1,0xF3EB44C1,0
1777390145.991714,203,11,1110011111000000101,0,0x7CF817C1,0
1777390145.992714,203,11,1010001000111101100,1,0xF447B3C1,0
1777390145.993714,206,11,0111100111101101010,1,0xEF3DAA61,0
1777390145.994714,206,11,0111001111100100000,1,0xEE7C8061,0
1777390145.995714,206,11,1110100010001000101,1,0xFD111561,0
1777390145.996714,203,11,1111011100000000011,1,0xFEE00FC1,0
1777390145.997714,206,11,0101001011001001001,1,0xEA592661,0
1777390145.998714,203,11,0111101011111100100,0,0x6F5F90C1,0
1777390145.999714,206,11,0001100011101000100,0,0x631D1161,0
1777390146.000714,360,11,0101101000001001100,1,0xEB41320F,0
1777390146.001714,360,11,0010010010010101011,0,0x6492AD0F,0
1777390146.002714,206,11,0011101110010100010,1,0xE7728B61,0
1777390146.003714,206,11,1011110011110110000,1,0xF79EC061,0
1777390146.004714,203,11,0011111011101011111,0,0x67DD7FC1,0
1777390146.005714,206,11,1000110011110111100,0,0x719EF161,0
1777390146.006714,360,11,1110000100011100110,1,0xFC23990F,0
1777390146.007714,360,11,0001110010010011111,1,0xE3927C0F,0
1777390146.008714,360,11,1111000100111100011,1,0xFE278D0F,0
1777390146.009714,203,11,1110000001000101011,1,0xFC08ADC1,0
1777390146.010714,203,11,1011110101000000111,1,0xF7A81DC1,0
1777390146.011714,206,11,0011111001010100111,0,0x67CA9D61,0
1777390146.012714,360,11,0101000010111001101,1,0xEA17360F,0
1777390146.013714,206,11,1100101010111011111,1,0xF9577F61,0
1777390146.014714,206,11,1101110000110000011,1,0xFB860C61,0
1777390146.015714,360,11,0111000111111010101,1,0xEE3F540F,0
1777390146.016714,360,11,1000111111010101001,1,0xF1FAA60F,0
1777390146.017714,360,11,0111001011110000101,1,0xEE5E170F,0
1777390146.018714,360,11,0100011010110001000,0,0x68D6200F,0
1777390146.019714,203,11,0011101110110011010,1,0xE77668C1,0
1777390146.020714,206,11,0011100000110100101,1,0xE7069661,0
1777390146.021714,206,11,0100110011101011011,0,0x699D6D61,0
1777390146.022714,203,11,0110100010110010101,0,0x6D1656C1,0
1777390146.023714,206,11,1101110001100101000,0,0x7B8CA161,0
1777390146.024714,206,11,0011111110010011010,1,0xE7F26861,0
1777390146.025714,360,11,0010100110111011111,0,0x65377E0F,0
1777390146.026714,360,11,1110111010101010110,0,0x7DD55A0F,0
1777390146.027714,206,11,1000100111010000110,1,0xF13A1A61,0
1777390146.028714,203,11,1011010100100100100,0,0x76A493C1,0
1777390146.029714,360,11,1001100111000001011,0,0x73382F0F,0
1777390146.030714,360,11,0001100010111111111,0,0x6317FE0F,0
1777390146.031714,206,11,0100100010101001111,1,0xE9153F61,0
1777390146.032714,360,11,1111010100000101011,1,0xFEA0AC0F,0
1777390146.033714,206,11,1101110001101101110,1,0xFB8DB961,0
1777390146.034714,360,11,1101011010010011001,1,0xFAD2640F,0
1777390146.035714,360,11,1000100100110000111,0,0x71261E0F,0
1777390146.036714,203,11,0101010101001001001,1,0xEAA925C1,0
1777390146.037714,360,11,1110101010100111001,1,0xFD54E50F,0
1777390146.038714,206,11,0001101001101010111,0,0x634D5F61,0
1777390146.039714,206,11,1110110001011111000,1,0xFD8BE361,0
1777390146.040714,203,11,1000000000110111000,0,0x7006E3C1,0
1777390146.041714,203,11,1001010110100001001,0,0x72B427C1,0
1777390146.042714,360,11,0110110110011101110,0,0x6DB3BA0F,0
1777390146.043714,203,11,0011000111010000010,1,0xE63A08C1,0
1777390146.044714,360,11,1110000011010111101,1,0xFC1AF50F,0
1777390146.045714,203,11,1001111000001001101,1,0xF3C134C1,0
1777390146.046714,360,11,1011101001101000011,1,0xF74D0C0F,0
1777390146.047714,360,11,1110010100110011010,1,0xFCA66B0F,0
1777390146.048714,360,11,0101100011111111111,1,0xEB1FFC0F,0
1777390146.049714,360,11,0111001011001111001,0,0x6E59E70F,0
1777390146.050714,360,11,1001101011101001001,0,0x735D260F,0
1777390146.051714,206,11,0011110100010001001,1,0xE7A22661,0
1777390146.052714,203,11,0100010010000110000,0,0x6890C1C1,0
1777390146.053714,206,11,0101011100010001110,0,0x6AE23A61,0
1777390146.054714,203,11,1100010010010111001,0,0x7892E5C1,0
1777390146.055714,360,11,1000111001001001000,1,0xF1C9210F,0
1777390146.056714,203,11,0011011010110110111,1,0xE6D6DEC1,0
1777390146.057714,206,11,1111111011001100001,1,0xFFD98561,0
1777390146.058714,206,11,0110111100010011110,1,0xEDE27B61,0
1777390146.059714,203,11,0000111111101111100,0,0x61FDF0C1,0
1777390146.060714,360,11,1001101000100110110,1,0xF344DA0F,0
1777390146.061714,206,11,1101100011001011111,1,0xFB197E61,0
1777390146.062714,206,11,1101000110101011000,0,0x7A356261,0
1777390146.063714,360,11,1000010100110110000,1,0xF0A6C20F,0
1777390146.064714,360,11,1001101100110101010,0,0x7366AA0F,0
1777390146.065714,360,11,1100110110110110101,0,0x79B6D60F,0
1777390146.066714,203,11,0000011010110101010,1,0xE0D6AAC1,0
1777390146.067714,360,11,0100011111110011000,1,0xE8FE630F,0
1777390146.068714,360,11,0011011110011001000,1,0xE6F3210F,0
1777390146.069714,360,11,0001000101101000001,0,0x622D050F,0
1777390146.070714,206,11,0101000000111010111,0,0x6A075E61,0
1777390146.071714,360,11,0101101101101000010,1,0xEB6D090F,0
1777390146.072714,203,11,0000001111000101100,0,0x6078B2C1,0
1777390146.073714,203,11,0000100110101001101,1,0xE13535C1,0
1777390146.074714,360,11,1011110001111101100,0,0x778FB20F,0
1777390146.075714,206,11,0011110110010011100,1,0xE7B27261,0
1777390146.076714,206,11,1010001000110011011,1,0xF4466C61,0
1777390146.077714,203,11,0000110100111011011,1,0xE1A76DC1,0
1777390146.078714,206,11,1011111010110101011,1,0xF7D6AF61,0
1777390146.079714,360,11,1010110101010101001,0,0x75AAA50F,0
1777390146.080714,206,11,1110001000111000100,1,0xFC471161,0
1777390146.081714,206,11,0101101000001010100,0,0x6B415161,0
1777390146.082714,360,11,1110000011001100000,1,0xFC19820F,0
1777390146.083714,360,11,1110011101011010111,1,0xFCEB5D0F,0
1777390146.084714,203,11,1000111010101011100,1,0xF1D572C1,0
1777390146.085714,203,11,0010111100100111100,1,0xE5E4F1C1,0
1777390146.086714,360,11,0101100010110100010,0,0x6B168A0F,0
1777390146.087714,203,11,1111100011110101111,0,0x7F1EBCC1,0
1777390146.088714,203,11,0001011001101001101,0,0x62CD35C1,0
1777390146.089714,203,11,0101001000000101101,1,0xEA40B4C1,0
1777390146.090714,360,11,1000000010010110110,1,0xF012D90F,0
1777390146.091714,360,11,0001101010011010000,0,0x6353430F,0
1777390146.092714,206,11,0110011110110011110,0,0x6CF67861,0
1777390146.093714,203,11,0000000100000011100,1,0xE02071C1,0
1777390146.094714,203,11,0010000000000100100,0,0x640091C1,0
1777390146.095714,206,11,1111110111011110001,1,0xFFBBC661,0
1777390146.096714,360,11,1001101110000100111,0,0x73709D0F,0
1777390146.097714,206,11,0010001101111011001,0,0x646F6461,0
1777390146.098714,206,11,0001101010110111010,0,0x6356EB61,0
1777390146.099714,206,11,1110011101011111110,1,0xFCEBF961,0
1777390146.100714,206,11,1101010111000011100,0,0x7AB87361,0
1777390146.101714,206,11,0011000101101101110,1,0xE62DB961,0
1777390146.102714,360,11,0000000110001001010,1,0xE031290F,0
1777390146.103714,206,11,1101011111000001010,0,0x7AF82B61,0
1777390146.104714,360,11,1110010011101000010,0,0x7C9D0B0F,0
1777390146.105714,203,11,0001101110011111001,0,0x6373E6C1,0
1777390146.106714,360,11,1011001111110101110,1,0xF67EB90F,0
1777390146.107714,360,11,1001111000111010001,0,0x73C7460F,0
1777390146.108714,206,11,1101010010011010010,1,0xFA934861,0
1777390146.109714,203,11,0011001111101100111,0,0x667D9CC1,0
1777390146.110714,360,11,0100101100110001011,0,0x69662F0F,0
1777390146.111714,206,11,1011000100110100100,0,0x76269061,0
1777390146.112714,206,11,0010000011100011001,1,0xE41C6461,0
1777390146.113714,203,11,0000010010111011000,1,0xE09760C1,0
1777390146.114714,203,11,1010011001001011001,0,0x74C966C1,0
1777390146.115714,360,11,1101010110110010011,1,0xFAB64D0F,0
1777390146.116714,206,11,0001001011110100111,1,0xE25E9D61,0
1777390146.117714,203,11,1111001100011000011,1,0xFE630DC1,0
1777390146.118714,203,11,1000000011101111101,1,0xF01DF6C1,0
1777390146.119714,203,11,1111001110111111000,0,0x7E77E1C1,0
1777390146.120714,360,11,0111100111001100100,1,0xEF39930F,0
1777390146.121714,360,11,0011110111100101001,1,0xE7BCA50F,0
1777390146.122714,360,11,1011100010010011111,1,0xF7127E0F,0
1777390146.123714,206,11,1110000110000101100,0,0x7C30B061,0
1777390146.124714,206,11,1100101001100101011,1,0xF94CAE61,0
1777390146.125714,203,11,0111001100001110010,0,0x6E61CAC1,0
1777390146.126714,360,11,1011100010110101011,1,0xF716AE0F,0
1777390146.127714,206,11,1001011111110100101,1,0xF2FE9561,0
1777390146.128714,206,11,1100110001001111011,1,0xF989EC61,0
1777390146.129714,360,11,0000001011010010101,0,0x605A570F,0
1777390146.130714,360,11,0111011011000101011,1,0xEED8AE0F,0
1777390146.131714,206,11,1001110011000110100,1,0xF398D361,0
1777390146.132714,360,10,1010000101110010100,1,0xD42E500F,1
1777390146.133714,203,11,1110101101011110001,1,0xFD6BC5C1,0
1777390146.134714,360,11,1101100101110011111,0,0x7B2E7C0F,0
1777390146.135714,360,11,0011111101001010011,0,0x67E94F0F,0
1777390146.136714,360,11,1011001010100010110,1,0xF654590F,0
1777390146.137714,360,11,1010101101111010101,0,0x756F550F,0
1777390146.138714,206,11,0110000111101010100,0,0x6C3D5161,0
1777390146.139714,203,11,1000010110111001100,0,0x70B731C1,0
1777390146.140714,206,11,1111011111000100011,1,0xFEF88E61,0
1777390146.141714,360,11,1111111011100100111,0,0x7FDC9D0F,0
1777390146.142714,203,11,1111000010100001100,0,0x7E1430C1,0
1777390146.143714,203,11,1010001011101000000,0,0x745D01C1,0
1777390146.144714,206,11,1111101111110111100,1,0xFF7EF061,0
1777390146.145714,203,11,1000111101010100001,0,0x71EA86C1,0
1777390146.146714,206,11,0001111001001100100,0,0x63C99061,0
1777390146.147714,203,11,1010111011000000111,0,0x75D81FC1,0
1777390146.148714,203,11,0001011111110111011,0,0x62FEEEC1,0
1777390146.149714,203,11,1101001001001011011,1,0xFA496DC1,0
1777390146.150714,206,11,1000100000110000011,0,0x71060C61,0
1777390146.151714,360,11,1101001011110111110,1,0xFA5EFA0F,0
1777390146.152714,360,11,1011101100111111100,1,0xF767F20F,0
1777390146.153714,203,11,0101110110010101111,0,0x6BB2BFC1,0
1777390146.154714,360,11,0001111111000101010,1,0xE3F8A80F,0
1777390146.155714,203,11,1101011010101001100,0,0x7AD533C1,0
1777390146.156714,206,11,1010011100101110011,0,0x74E5CD61,0
1777390146.157714,203,11,0011101110111001111,1,0xE7773CC1,1
1777390146.158714,360,11,1010001001001101100,0,0x7449B20F,0
1777390146.159714,206,11,1011111011011100101,0,0x77DB9561,0
1777390146.160714,203,11,0100011001111000001,0,0x68CF07C1,0
1777390146.161714,206,11,1111011110011100100,0,0x7EF39361,0
1777390146.162714,203,11,1000101110110001101,0,0x717634C1,0
1777390146.163714,203,11,0001110111001001101,0,0x63B937C1,0
1777390146.164714,203,11,1011011010001100001,1,0xF6D187C1,0
1777390146.165714,203,11,1111001001101111111,1,0xFE4DFDC1,0
1777390146.166714,206,11,0001100100010001000,1,0xE3222361,0
1777390146.167714,206,11,0001001001110111110,0,0x624EFB61,0
1777390146.168714,206,11,0111100100001000100,1,0xEF211061,0
1777390146.169714,203,11,0111001100111010010,1,0xEE6749C1,0
1777390146.170714,360,11,1111011010111111111,0,0x7ED7FD0F,0
1777390146.171714,203,11,1011000110010011000,1,0xF63262C1,0
1777390146.172714,206,11,0001101001001111011,1,0xE349ED61,0
1777390146.173714,360,11,1111111101010100010,1,0xFFEA8B0F,0
1777390146.174714,206,11,0000110110100011101,0,0x61B47561,0
1777390146.175714,206,11,0111110111100111111,0,0x6FBCFD61,0
1777390146.176714,360,11,1100111001101110001,0,0x79CDC40F,0
1777390146.177714,203,11,1010011110111000111,0,0x74F71FC1,0
1777390146.178714,360,11,1001111101110100001,1,0xF3EE860F,0
1777390146.179714,360,11,1010111101100100100,1,0xF5EC930F,0
1777390146.180714,360,11,1011111011100000110,1,0xF7DC1A0F,0
1777390146.181714,360,11,0111101001111000011,0,0x6F4F0C0F,0
1777390146.182714,203,11,0101100110001111000,0,0x6B31E2C1,0
1777390146.183714,203,11,1000010101010100011,1,0xF0AA8DC1,0
1777390146.184714,360,11,1110010011011001000,1,0xFC9B220F,0
1777390146.185714,203,11,0100000001100000101,0,0x680C14C1,1
1777390146.186714,203,11,1000111011010111100,1,0xF1DAF3C1,0
1777390146.187714,206,11,1100100000100110011,0,0x7904CC61,0
1777390146.188714,360,11,0101001000111110001,0,0x6A47C40F,0
1777390146.189714,206,11,1010101000110001101,0,0x75463561,0
1777390146.190714,206,11,0000011001000111001,1,0xE0C8E461,0
1777390146.191714,360,11,0110101001110010100,1,0xED4E500F,1
1777390146.192714,206,11,0101011111101100111,1,0xEAFD9C61,0
1777390146.193714,203,11,1101001001110010000,1,0xFA4E41C1,0
1777390146.194714,206,11,1110010010100101011,1,0xFC94AE61,0
1777390146.195714,360,11,0101010111011100011,1,0xEABB8E0F,0
1777390146.196714,203,11,0110111110101110110,1,0xEDF5D8C1,0
1777390146.197714,206,11,0110110111011010100,1,0xEDBB5361,0
1777390146.198714,360,11,1011110100101100111,0,0x77A59E0F,0
1777390146.199714,360,11,1010110000000110111,1,0xF580DE0F,0
1777390146.200714,360,11,0000100110011001011,1,0xE1332C0F,0
1777390146.201714,206,11,1001111011101101011,0,0x73DDAE61,0
1777390146.202714,360,11,0010000111110011100,1,0xE43E710F,0
1777390146.203714,203,11,1001011000100111101,0,0x72C4F4C1,0
1777390146.204714,206,11,1111011100111111111,1,0xFEE7FD61,0
1777390146.205714,203,11,0111000110011110101,0,0x6E33D6C1,0
1777390146.206714,360,11,1111011011110111110,0,0x7EDEFB0F,0
1777390146.207714,360,11,0111000101101101100,0,0x6E2DB20F,0
1777390146.208714,203,11,0001100011100011001,0,0x631C67C1,0
1777390146.209714,206,11,0111000011110100001,0,0x6E1E8761,1
1777390146.210714,203,11,0101100100010011110,1,0xEB227BC1,0
1777390146.211714,203,11,1110100100011000011,1,0xFD230CC1,0
1777390146.212714,203,11,1001000111101111011,0,0x723DEFC1,0
1777390146.213714,203,11,1010001100111011000,0,0x746761C1,0
1777390146.214714,360,11,1111001100001011001,0,0x7E61650F,0
1777390146.215714,360,11,0000001110000010011,1,0xE0704C0F,0
1777390146.216714,203,11,1010100001001000111,0,0x75091FC1,0
1777390146.217714,360,10,1011111011110100100,0,0x57DE910F,1
1777390146.218714,203,11,1000111001001010010,1,0xF1C94AC1,0
1777390146.219714,206,11,0110100111001100100,1,0xED399061,0
1777390146.220714,360,11,1001011000010011010,0,0x72C26A0F,0
1777390146.221714,360,11,0110010010001001000,1,0xEC91200F,0
1777390146.222714,360,11,1000001001001100011,0,0x70498C0F,0
1777390146.223714,360,11,0110010010110000111,0,0x6C961F0F,0
1777390146.224714,206,11,0010000111010001101,1,0xE43A3561,0
1777390146.225714,203,11,1001111110100001110,1,0xF3F43BC1,0
1777390146.226714,206,11,1010000000010111001,1,0xF402E761,0
1777390146.227714,203,11,0100010101001011111,0,0x68A97CC1,0
1777390146.228714,206,11,0001000111100001001,0,0x623C2661,0
1777390146.229714,360,11,0100101110000101001,1,0xE970A40F,0
1777390146.230714,203,11,1110101010000001001,0,0x7D5024C1,0
1777390146.231714,360,11,0001110111000001111,1,0xE3B83C0F,0
1777390146.232714,360,11,1000110000011010101,1,0xF183570F,0
1777390146.233714,360,11,0011110101011101000,1,0xE7ABA30F,0
1777390146.234714,203,11,0010101111111100010,0,0x657F89C1,0
1777390146.235714,203,11,0001110101110010010,0,0x63AE49C1,0
1777390146.236714,360,11,1111011010100111100,0,0x7ED4F10F,0
1777390146.237714,360,11,0010111001011110001,1,0xE5CBC40F,0
1777390146.238714,360,11,1011101001101011010,0,0x774D6B0F,0
1777390146.239714,206,11,1000110000100011000,1,0xF1846261,0
1777390146.240714,360,11,1110100010011001110,1,0xFD13380F,0
1777390146.241714,206,11,1010101001010010011,1,0xF54A4C61,0
1777390146.242714,360,11,0110110010001101101,1,0xED91B40F,0
1777390146.243714,203,11,1101100100000101111,0,0x7B20BCC1,0
1777390146.244714,206,11,0000111100011010000,0,0x61E34261,0
1777390146.245714,360,11,0010000011110110100,1,0xE41ED00F,0
1777390146.246714,206,11,1001101011101010000,0,0x735D4161,0
1777390146.247714,206,11,1000011010010001100,1,0xF0D23061,0
1777390146.248714,203,11,1110101110100110000,1,0xFD74C2C1,0
1777390146.249714,360,11,0010111101101011101,1,0xE5ED740F,0
1777390146.250714,360,11,1100001111011101010,1,0xF87BA90F,0
1777390146.251714,206,11,1110001010011001110,0,0x7C533861,0
1777390146.252714,203,11,0111111001100011010,1,0xEFCC6BC1,0
1777390146.253714,360,11,1100011110000110100,0,0x78F0D00F,0
1777390146.254714,206,11,1100001100110001110,0,0x78663961,0
1777390146.255714,206,11,0111111000111010000,0,0x6FC74061,0
1777390146.256714,203,11,1101011111101110100,1,0xFAFDD3C1,0
1777390146.257714,206,11,1000111110100010000,1,0xF1F44161,0
1777390146.258714,203,11,0100111100001100000,1,0xE9E180C1,0
1777390146.259714,203,11,1110000111000000110,1,0xFC381AC1,0
1777390146.260714,360,11,0110000000010011010,0,0x6C026A0F,0
1777390146.261714,206,11,0111101101101001011,0,0x6F6D2C61,0
1777390146.262714,203,11,1001111001111001110,0,0x73CF38C1,0
1777390146.263714,206,11,1100110010000101010,0,0x7990AB61,0
1777390146.264714,206,11,0000001010100001110,1,0xE0543A61,0
1777390146.265714,206,11,1011100101010101110,0,0x772ABA61,0
1777390146.266714,360,11,0111001000010111101,1,0xEE42F70F,0
1777390146.267714,206,11,0111101000011101001,0,0x6F43A761,0
1777390146.268714,206,11,0100001011010010101,1,0xE85A5561,0
1777390146.269714,360,11,0000111010111110110,1,0xE1D7DA0F,0
1777390146.270714,206,11,1000111010110110100,0,0x71D6D361,0
1777390146.271714,206,11,1001111111111010010,1,0xF3FF4B61,0
1777390146.272714,360,11,0110010100000000011,0,0x6CA00E0F,0
1777390146.273714,203,11,1101000001111011001,0,0x7A0F67C1,0
1777390146.274714,206,11,1101000010001001100,1,0xFA113361,0
1777390146.275714,206,11,1001000001101011101,0,0x720D7561,0
1777390146.276714,360,11,0000000101110010110,1,0xE02E590F,0
1777390146.277714,360,11,1001011100111011100,0,0x72E7730F,0
1777390146.278714,360,11,0100001111000111011,1,0xE878EF0F,0
1777390146.279714,206,11,0001101011101011100,1,0xE35D7161,0
1777390146.280714,206,11,0110100110110100011,0,0x6D368F61,0
1777390146.281714,203,11,1000110000000010110,0,0x718058C1,0
1777390146.282714,203,11,1011001010010010100,0,0x765250C1,0
1777390146.283714,360,11,0111011100101001100,0,0x6EE5320F,0
1777390146.284714,206,11,1010001000001001110,0,0x74413961,0
1777390146.285714,206,11,0000111000111110010,0,0x61C7C961,0
1777390146.286714,360,11,1000110100001011010,1,0xF1A1680F,0
1777390146.287714,206,11,0101101101000010011,1,0xEB684F61,0
1777390146.288714,360,11,0100011100100000011,0,0x68E40F0F,0
1777390146.289714,360,11,0011101110001101001,1,0xE771A40F,0
1777390146.290714,206,11,1000000000101000001,1,0xF0050661,0
1777390146.291714,360,11,0000101001010110011,0,0x614ACE0F,0
1777390146.292714,206,11,0111111001111101011,0,0x6FCFAC61,0
1777390146.293714,360,11,0001001010111110000,1,0xE257C00F,0
1777390146.294714,203,11,0001010100000111001,1,0xE2A0E7C1,0
1777390146.295714,203,11,0100101000010101000,0,0x6942A3C1,0
1777390146.296714,360,11,0101010000100011101,0,0x6A84760F,0
1777390146.297714,206,11,1101001000001000000,0,0x7A410261,0
1777390146.298714,203,11,0111101101010010111,0,0x6F6A5FC1,0
1777390146.299714,360,11,1011000101100111010,1,0xF62CE80F,0
1777390146.300714,360,11,1011010101001100111,0,0x76A99F0F,0
1777390146.301714,203,11,0110010100010101010,0,0x6CA2A8C1,0
1777390146.302714,203,11,1110001110000001100,0,0x7C7030C1,0
1777390146.303714,360,11,1110000000100101101,0,0x7C04B60F,0
1777390146.304714,360,11,1011110010100110001,0,0x7794C50F,0
1777390146.305714,203,11,0100011110110000001,0,0x68F607C1,0
1777390146.306714,203,11,1010011111101011000,0,0x74FD61C1,0
1777390146.307714,360,11,0011011000110110000,1,0xE6C6C30F,0
1777390146.308714,206,11,1010010001111101110,0,0x748FBA61,0
1777390146.309714,203,11,0110101110000011000,1,0xED7062C1,0
1777390146.310714,206,11,1001011111111110010,1,0xF2FFCB61,0
1777390146.311714,206,11,1000110001001001001,0,0x71892661,0
1777390146.312714,206,11,1001101101111110100,0,0x736FD061,0
1777390146.313714,203,11,0111010010101111100,0,0x6E95F2C1,0
1777390146.314714,203,11,1011110001000001011,1,0xF7882FC1,0
1777390146.315714,203,11,0000001100000011110,1,0xE0607AC1,0
1777390146.316714,203,11,1011101111110101100,0,0x777EB1C1,0
1777390146.317714,206,11,1100110000100111001,0,0x7984E661,0
1777390146.318714,360,11,1110010010001110011,0,0x7C91CD0F,0
1777390146.319714,203,11,0111110010100000000,1,0xEF9400C1,0
1777390146.320714,206,11,1100000111001000011,1,0xF8390E61,0
1777390146.321714,203,11,1010011010000101100,0,0x74D0B0C1,0
1777390146.322714,360,11,0010100100101101110,1,0xE525BA0F,0
1777390146.323714,360,11,1011111011101011000,0,0x77DD620F,0
1777390146.324714,360,11,1101101010111101101,0,0x7B57B40F,0
1777390146.325714,360,11,1100011001001110001,0,0x78C9C70F,0
1777390146.326714,203,11,0101100101000000111,1,0xEB281EC1,0
1777390146.327714,206,11,1010010000111001111,0,0x74873F61,0
1777390146.328714,203,11,0001001101010000010,1,0xE26A0AC1,0
1777390146.329714,206,11,1001001001000100100,1,0xF2489161,0
1777390146.330714,206,11,0011001101010011100,1,0xE66A7061,0
1777390146.331714,203,11,0000110001110010101,1,0xE18E56C1,0
1777390146.332714,206,11,1111111000100110011,1,0xFFC4CD61,0
1777390146.333714,360,11,1010010110101001010,1,0xF4B52A0F,0
1777390146.334714,203,11,0010001101011110000,0,0x646BC0C1,0
1777390146.335714,203,11,0001111101011010101,1,0xE3EB57C1,0
1777390146.336714,206,11,0100111100111001000,1,0xE9E72361,0
1777390146.337714,203,11,1110001110111100111,0,0x7C779EC1,0
1777390146.338714,360,11,1000101010110001101,1,0xF156360F,0
1777390146.339714,360,11,1011001101111100001,1,0xF66F860F,0
1777390146.340714,203,11,1001001111101100101,0,0x727D95C1,0
1777390146.341714,360,11,1101010101010101100,0,0x7AAAB20F,0
1777390146.342714,360,11,0101010100011110110,0,0x6AA3DA0F,0
1777390146.343714,203,11,1111011011110011010,0,0x7EDE69C1,0
1777390146.344714,203,11,0001011000101101100,0,0x62C5B0C1,0
1777390146.345714,360,11,0100010100100101100,1,0xE8A4B20F,0
1777390146.346714,203,11,1011000111010111111,1,0xF63AFFC1,0
1777390146.347714,203,11,1010010011100010101,1,0xF49C54C1,0
1777390146.348714,206,11,0101111011010010010,0,0x6BDA4861,0
1777390146.349714,206,11,0010101011010111101,1,0xE55AF761,0
1777390146.350714,360,11,1111000110110111100,1,0xFE36F00F,0
1777390146.351714,206,11,0111000010101111111,0,0x6E15FF61,0
1777390146.352714,206,11,0010110000100110111,0,0x6584DD61,0
1777390146.353714,203,11,0000011011101110001,1,0xE0DDC7C1,0
1777390146.354714,206,11,0111100001010001101,1,0xEF0A3461,0
1777390146.355714,203,11,0001111101111111111,1,0xE3EFFCC1,0
1777390146.356714,203,11,0110101000100011011,1,0xED446CC1,0
1777390146.357714,360,11,0100101111111110101,0,0x697FD70F,0
1777390146.358714,206,11,1000001010100111001,0,0x7054E461,0
1777390146.359714,206,11,0010000010101011100,0,0x64157261,0
1777390146.360714,203,11,0010101100000110000,1,0xE560C1C1,0
1777390146.361714,206,11,0110100100000110011,0,0x6D20CC61,0
1777390146.362714,203,11,0011000101000011110,0,0x662878C1,0
1777390146.363714,206,11,0101101000000111101,0,0x6B40F761,1
1777390146.364714,360,11,1000101000001110111,0,0x7141DF0F,0
1777390146.365714,360,11,0001010001010111100,0,0x628AF10F,0
1777390146.366714,360,11,0010000001001010010,1,0xE409490F,0
1777390146.367714,360,11,1011011100001000110,1,0xF6E11A0F,0
1777390146.368714,203,11,1111001010100011111,0,0x7E547CC1,0
1777390146.369714,206,11,1010110110001011101,0,0x75B17661,0
1777390146.370714,203,11,1100001110110000000,1,0xF87600C1,0
1777390146.371714,203,11,0100100111010010111,0,0x693A5CC1,0
1777390146.372714,206,11,1100100100100010000,1,0xF9244261,0
1777390146.373714,203,11,0010101001001010111,0,0x65495EC1,0
1777390146.374714,360,11,0010011110010100100,0,0x64F2910F,0
1777390146.375714,206,11,0011101010010011010,0,0x67526961,0
1777390146.376714,203,11,1111010000010000101,0,0x7E8217C1,0
1777390146.377714,360,11,1101111011001101111,1,0xFBD9BF0F,0
1777390146.378714,203,11,1101100011111100110,1,0xFB1F9AC1,0
1777390146.379714,360,11,1011010101010110100,1,0xF6AAD00F,0
1777390146.380714,360,11,1110101000011100111,1,0xFD439E0F,0
1777390146.381714,206,11,1010100000111010110,0,0x75075A61,0
1777390146.382714,360,11,1101011001100100010,1,0xFACC890F,0
1777390146.383714,360,11,0100011010101111010,0,0x68D5E90F,0
1777390146.384714,360,11,1011001100001111100,0,0x7661F10F,0
1777390146.385714,206,11,1010111100010100100,1,0xF5E29061,0
1777390146.386714,206,11,1011111010110001000,1,0xF7D62161,0
1777390146.387714,360,11,1010111101100010101,0,0x75EC540F,0
1777390146.388714,206,11,1010011011011000001,1,0xF4DB0761,0
1777390146.389714,203,11,0011010010001001100,1,0xE69130C1,0
1777390146.390714,206,11,0010001100110101001,0,0x6466A461,0
1777390146.391714,360,11,0101011110111010111,0,0x6AF75C0F,0
1777390146.392714,203,11,0101100101101110001,0,0x6B2DC7C1,0
1777390146.393714,203,11,1110011111000101000,0,0x7CF8A0C1,0
1777390146.394714,206,11,1101000101000111000,1,0xFA28E161,0
1777390146.395714,360,11,1001101100010111100,0,0x7362F20F,0
1777390146.396714,206,11,0111000101111110010,0,0x6E2FC961,0
1777390146.397714,360,11,0110011011011101010,0,0x6CDBA80F,0
1777390146.398714,203,11,0100100111101010001,1,0xE93D44C1,0
1777390146.399714,206,11,0101110001011101011,0,0x6B8BAD61,0
1777390146.400714,360,11,0000111100110101110,1,0xE1E6B80F,0
1777390146.401714,360,00,1000111100100010101,0,0x11E4540F,1
1777390146.402714,203,11,1110110100101111101,0,0x7DA5F5C1,0
1777390146.403714,206,11,1000101100001110100,0,0x7161D361,0
1777390146.404714,203,11,0100000100110110010,1,0xE826CBC1,0
1777390146.405714,206,11,1111011100100011111,0,0x7EE47E61,0
1777390146.406714,360,11,1000110111111011000,0,0x71BF600F,0
1777390146.407714,203,11,0101111010001111001,1,0xEBD1E4C1,0
1777390146.408714,203,11,0110100011100100011,1,0xED1C8CC1,0
1777390146.409714,203,11,0101110111101111110,1,0xEBBDF9C1,0
1777390146.410714,203,11,1110100111101000001,0,0x7D3D07C1,0
1777390146.411714,206,11,0001000010001010100,1,0xE2115061,0
1777390146.412714,206,11,1110010000100111001,0,0x7C84E661,0
1777390146.413714,360,11,0111011001010011101,0,0x6ECA740F,0
1777390146.414714,360,11,1100001101110001100,1,0xF86E310F,0
1777390146.415714,203,11,0101000100111101010,0,0x6A27AAC1,0
1777390146.416714,203,01,1011101110010111111,0,0x3772FCC1,1
1777390146.417714,206,11,1001101001100100010,0,0x734C8861,0
1777390146.418714,360,11,1101010111001100001,0,0x7AB9860F,0
1777390146.419714,203,11,0000000111011010111,1,0xE03B5FC1,0
1777390146.420714,203,11,0010101011100010010,0,0x655C4BC1,0
1777390146.421714,360,11,0111010001111011111,0,0x6E8F7F0F,0
1777390146.422714,206,11,0010000100010110010,0,0x6422C861,0
1777390146.423714,203,11,0101100010110101001,0,0x6B16A5C1,0
1777390146.424714,206,11,1110111001010101011,1,0xFDCAAE61,0
1777390146.425714,206,11,0000011011011110000,0,0x60DBC061,0
1777390146.426714,360,11,1110100110110101100,1,0xFD36B20F,0
1777390146.427714,203,11,0011100111001110000,0,0x6739C2C1,0
1777390146.428714,206,11,0001000111011111001,1,0xE23BE661,0
1777390146.429714,360,11,0110011101000001010,0,0x6CE82A0F,0
1777390146.430714,203,11,0011001110100001110,1,0xE67438C1,0
1777390146.431714,360,11,0001000010101100011,1,0xE2158D0F,0
1777390146.432714,203,11,1111011111000101111,0,0x7EF8BFC1,0
1777390146.433714,360,11,1111010101010101101,1,0xFEAAB70F,0
1777390146.434714,203,11,0001000101101000100,0,0x622D10C1,0
1777390146.435714,360,11,1000110110010110000,0,0x71B2C10F,0
1777390146.436714,203,11,1100110001101101100,0,0x798DB0C1,0
1777390146.437714,203,11,0001110001110101100,1,0xE38EB3C1,0
1777390146.438714,203,11,0001010111101101001,1,0xE2BDA6C1,0
1777390146.439714,203,11,0110000000011010101,1,0xEC0354C1,0
1777390146.440714,360,11,0111110000111000010,1,0xEF870A0F,0
1777390146.441714,206,11,0010010101000110001,1,0xE4A8C761,0
1777390146.442714,206,11,0111100101100100000,1,0xEF2C8261,0
1777390146.443714,206,11,1100000001000011111,1,0xF8087D61,0
1777390146.444714,206,11,1011000000101011011,1,0xF6056F61,0
1777390146.445714,203,11,0001001000000100100,0,0x624090C1,0
1777390146.446714,203,11,1001110110110001010,0,0x73B62BC1,0
1777390146.447714,206,11,0010100000010110110,1,0xE502DB61,0
1777390146.448714,206,11,1100101100101000111,0,0x79651C61,0
1777390146.449714,360,11,1101111010110110111,1,0xFBD6DD0F,1
1777390146.450714,360,11,0101000100101001001,1,0xEA25260F,0
1777390146.451714,206,11,0011001001001101101,0,0x6649B661,0
1777390146.452714,206,11,1010010110111110111,0,0x74B7DD61,0
1777390146.453714,360,11,0010000111001110100,1,0xE439D30F,0
1777390146.454714,203,11,1110101111111000111,0,0x7D7F1FC1,0
1777390146.455714,206,11,1100111101010010000,0,0x79EA4161,0
1777390146.456714,206,11,1101101100011011100,0,0x7B637161,0
1777390146.457714,360,11,1101000010001000110,1,0xFA11190F,0
1777390146.458714,360,11,1110001111010111010,0,0x7C7AEA0F,0
1777390146.459714,206,11,1011111001111101000,0,0x77CFA361,0
1777390146.460714,206,11,0000110001111100001,0,0x618F8761,0
1777390146.461714,206,11,0110111000000010001,0,0x6DC04561,0
1777390146.462714,206,11,0010111100000000110,0,0x65E01A61,0
1777390146.463714,360,11,1110101000010100111,1,0xFD429F0F,0
1777390146.464714,206,11,1101110101100111100,0,0x7BACF361,0
1777390146.465714,206,11,0000010100101000010,1,0xE0A50861,0
1777390146.466714,206,11,0110101000010001110,1,0xED423A61,0
1777390146.467714,360,01,1101001000000111010,1,0xBA40EB0F,1
1777390146.468714,360,11,1100100101101001000,1,0xF92D230F,0
1777390146.469714,360,11,1001001100101110101,1,0xF265D40F,0
1777390146.470714,360,11,1110111101010001001,0,0x7DEA240F,0
1777390146.471714,203,11,1100000111101101111,1,0xF83DBEC1,0
1777390146.472714,360,11,0010100100001100001,0,0x6521850F,0
1777390146.473714,203,11,1111010101001010111,0,0x7EA95CC1,0
1777390146.474714,360,11,0111101111000011110,0,0x6F787A0F,0
1777390146.475714,206,11,1011111110011100001,1,0xF7F38661,0
1777390146.476714,206,11,0010110001011111111,1,0xE58BFE61,0
1777390146.477714,203,11,0111001111001110100,1,0xEE79D3C1,0
1777390146.478714,360,11,0000011101010001110,0,0x60EA3A0F,0
1777390146.479714,203,11,0111010000100011111,1,0xEE847DC1,0
1777390146.480714,206,11,1010110100111111100,1,0xF5A7F161,0
1777390146.481714,206,11,0010101010000001101,1,0xE5503761,0
1777390146.482714,206,11,1011011011110011100,1,0xF6DE7261,0
1777390146.483714,206,11,1111001110110010010,0,0x7E764A61,0
1777390146.484714,203,11,1111010111010111110,0,0x7EBAFBC1,0
1777390146.485714,360,11,0001111010110100100,0,0x63D6930F,0
1777390146.486714,206,11,0111111001001001011,0,0x6FC92E61,0
1777390146.487714,360,11,1110111011011101101,0,0x7DDBB50F,0
1777390146.488714,203,11,1011010111101011000,0,0x76BD62C1,0
1777390146.489714,203,11,0101011110000110000,1,0xEAF0C1C1,0
1777390146.490714,203,11,0010101010000001101,1,0xE55034C1,0
1777390146.491714,206,11,1111000000101011101,0,0x7E057761,0
1777390146.492714,203,11,1101000011100010000,0,0x7A1C41C1,0
1777390146.493714,203,11,1110010001110010101,1,0xFC8E56C1,0
1777390146.494714,206,11,1110110111011010000,0,0x7DBB4161,0
1777390146.495714,206,11,1111001110100000110,1,0xFE741961,0
1777390146.496714,360,11,0110000101111101101,1,0xEC2FB60F,0
1777390146.497714,206,11,1011010011000010000,0,0x76984261,0
1777390146.498714,203,11,0101101101010111001,0,0x6B6AE6C1,0
1777390146.499714,203,11,0111001100001101101,0,0x6E61B4C1,0
1777390146.500714,206,11,1111000101010000101,0,0x7E2A1561,0
1777390146.501714,203,11,0000110101111110011,1,0xE1AFCFC1,0
1777390146.502714,360,11,1111011110000100101,1,0xFEF0960F,0
1777390146.503714,206,11,1010110001010111000,0,0x758AE161,0
1777390146.504714,360,11,1001000101011010111,1,0xF22B5F0F,0
1777390146.505714,206,11,0101110100110110101,1,0xEBA6D461,0
1777390146.506714,360,11,0101010101100001000,1,0xEAAC220F,0
1777390146.507714,206,11,1101011101001110010,0,0x7AE9CA61,0
1777390146.508714,203,11,1100110111110010000,1,0xF9BE42C1,0
1777390146.509714,206,11,1111000010010010111,0,0x7E125F61,0
1777390146.510714,203,11,1000010101000101100,1,0xF0A8B0C1,0
1777390146.511714,203,11,1011110100011000100,1,0xF7A313C1,0
1777390146.512714,206,11,0111010110000100011,0,0x6EB08D61,0
1777390146.513714,203,11,1001010101101000001,0,0x72AD07C1,0
1777390146.514714,203,11,0000011100110111010,1,0xE0E6E8C1,0
1777390146.515714,203,11,1010101001111101001,0,0x754FA6C1,0
1777390146.516714,206,11,1110000110100110001,0,0x7C34C661,0
1777390146.517714,203,11,1101011000101110100,0,0x7AC5D3C1,0
1777390146.518714,206,11,1001001101111011110,1,0xF26F7A61,0
1777390146.519714,360,11,1101101000001010001,1,0xFB41470F,0
1777390146.520714,206,11,0100110000100010111,1,0xE9845D61,0
1777390146.521714,203,11,0111100100011010011,1,0xEF234DC1,0
1777390146.522714,206,11,1101100010000010101,1,0xFB105661,0
1777390146.523714,203,11,1100101011111110111,0,0x795FDFC1,0
1777390146.524714,203,11,1111011101011001011,0,0x7EEB2DC1,0
1777390146.525714,360,11,1010100100100001101,1,0xF524340F,0
1777390146.526714,203,11,0011100100111000011,1,0xE7270FC1,0
1777390146.527714,206,11,1111110110001100011,1,0xFFB18D61,0
1777390146.528714,206,11,1110011000110111010,1,0xFCC6EB61,0
1777390146.529714,203,11,0111001000010100010,0,0x6E4289C1,0
1777390146.530714,203,11,0000011001011101110,0,0x60CBBBC1,1
1777390146.531714,206,11,0010101011100101100,0,0x655CB161,0
1777390146.532714,360,11,0111110000010011000,1,0xEF82600F,0
1777390146.533714,203,11,0101110000011110000,1,0xEB83C2C1,0
1777390146.534714,206,11,0000100000010110111,0,0x6102DE61,0
1777390146.535714,203,11,1100001011111010110,0,0x785F59C1,0
1777390146.536714,360,11,1111111001010000111,1,0xFFCA1C0F,0
1777390146.537714,206,11,0111010001001010110,1,0xEE895B61,0
1777390146.538714,360,11,1111101000001110110,1,0xFF41D90F,0
1777390146.539714,206,11,0100110010001111001,0,0x6991E661,0
1777390146.540714,206,11,0011110000111000010,0,0x67870B61,0
1777390146.541714,206,11,0001101001111110000,1,0xE34FC361,0
1777390146.542714,206,11,0000101110000101111,0,0x6170BD61,0
1777390146.543714,360,01,1101010011101001001,0,0x3A9D250F,1
1777390146.544714,203,11,1100011101010000010,1,0xF8EA09C1,0
1777390146.545714,206,11,0000001011011011011,1,0xE05B6F61,0
1777390146.546714,206,11,0011000110100001000,0,0x66342361,0
1777390146.547714,206,11,1011110101011001010,0,0x77AB2961,0
1777390146.548714,203,11,0001000101101001111,1,0xE22D3CC1,0
1777390146.549714,203,11,0101010010001110011,0,0x6A91CDC1,0
1777390146.550714,360,11,0101100100110011000,1,0xEB26600F,0
1777390146.551714,206,11,1001110000100100101,1,0xF3849561,0
1777390146.552714,206,11,1011011111101111110,1,0xF6FDFB61,0
1777390146.553714,360,11,0001110100110111001,1,0xE3A6E40F,0
1777390146.554714,203,11,1011111101000011010,1,0xF7E868C1,0
1777390146.555714,206,11,1110011111000111110,0,0x7CF8F961,0
1777390146.556714,206,11,0100100111010110110,0,0x693ADB61,0
1777390146.557714,203,11,0111010100100111110,0,0x6EA4F9C1,0
1777390146.558714,203,11,1100011110110000010,1,0xF8F60BC1,0
1777390146.559714,206,11,0111011101101010110,1,0xEEED5961,0
1777390146.560714,203,11,0110000011010011100,1,0xEC1A71C1,0
1777390146.561714,360,11,1110011001111001111,0,0x7CCF3F0F,0
1777390146.562714,203,11,1010110011010000000,0,0x759A01C1,0
1777390146.563714,360,11,0001100100011001010,1,0xE323290F,0
1777390146.564714,360,11,1011000001101110011,0,0x760DCE0F,0
1777390146.565714,360,11,1101100011101010101,0,0x7B1D540F,0
1777390146.566714,206,11,1101111111110100010,0,0x7BFE8861,1
1777390146.567714,360,11,1010010100111000111,1,0xF4A71C0F,0
1777390146.568714,203,11,0110110101010010010,1,0xEDAA48C1,0
1777390146.569714,203,11,1101000010001110100,0,0x7A11D0C1,0
1777390146.570714,206,11,1111101000110010100,0,0x7F465061,0
1777390146.571714,206,11,1010010001101110011,0,0x748DCC61,0
1777390146.572714,206,11,1010001101110000110,1,0xF46E1B61,0
1777390146.573714,206,11,0101110011101001010,1,0xEB9D2961,0
1777390146.574714,360,11,1111110000101110000,0,0x7F85C10F,0
1777390146.575714,203,11,0110010000101100100,0,0x6C8592C1,0
1777390146.576714,203,11,0010101001110011110,0,0x654E78C1,0
1777390146.577714,203,11,1101001111111011101,0,0x7A7F74C1,0
1777390146.578714,360,11,1110010111011111111,1,0xFCBBFE0F,0
1777390146.579714,360,11,0100100100000001100,0,0x6920330F,0
1777390146.580714,203,11,0001110000010101111,1,0xE382BFC1,0
1777390146.581714,206,11,0101011010111001101,0,0x6AD73561,0
1777390146.582714,203,11,1010011110000100110,0,0x74F09AC1,0
1777390146.583714,360,11,0001101011000010111,1,0xE3585D0F,0
1777390146.584714,206,11,0101111001001010111,0,0x6BC95D61,0
1777390146.585714,203,11,1100010110101010001,0,0x78B546C1,0
1777390146.586714,203,11,1011001100100101000,0,0x7664A0C1,0
1777390146.587714,206,11,0111100100001011110,1,0xEF217A61,0
1777390146.588714,360,11,0000010110100001010,1,0xE0B42B0F,0
1777390146.589714,203,11,1000010100111011111,1,0xF0A77CC1,0
1777390146.590714,360,11,0010111111000111110,0,0x65F8F90F,0
1777390146.591714,360,11,0011001011010111101,0,0x665AF40F,0
1777390146.592714,206,11,0001110110110010000,0,0x63B64061,0
1777390146.593714,206,11,0000101011100101101,0,0x615CB561,0
1777390146.594714,203,11,0010010000011001011,1,0xE4832CC1,0
1777390146.595714,206,11,1000110010100100110,0,0x71949861,0
1777390146.596714,206,11,1110100001010011010,1,0xFD0A6861,0
1777390146.597714,360,11,1111010101011101010,0,0x7EABA90F,0
1777390146.598714,206,11,0100110110111000110,0,0x69B71861,0
1777390146.599714,206,11,1111010000110000100,1,0xFE861161,0
1777390146.600714,206,11,0100101101111001010,1,0xE96F2A61,0
1777390146.601714,206,11,1000000010011100100,1,0xF0139161,0
1777390146.602714,360,11,0011110010010000010,0,0x6792080F,0
1777390146.603714,206,11,0010001000001101111,1,0xE441BE61,0
1777390146.604714,206,11,0001010010111001110,1,0xE2973B61,0
1777390146.605714,360,11,0000001001010010010,1,0xE04A4A0F,0
1777390146.606714,360,11,0100100000110010100,1,0xE906530F,0
1777390146.607714,206,11,1111011100011011010,0,0x7EE36B61,0
1777390146.608714,206,11,0011001011100000101,0,0x665C1761,0
1777390146.609714,203,11,0111001010001000110,0,0x6E5118C1,0
1777390146.610714,360,11,1011010011001111111,1,0xF699FD0F,1
1777390146.611714,206,11,0100101100011001111,0,0x69633F61,0
1777390146.612714,360,11,0011110000100110010,1,0xE784C80F,0
1777390146.613714,203,11,1010000010001101011,1,0xF411AEC1,0
1777390146.614714,203,11,1000000110001100100,1,0xF03191C1,0
1777390146.615714,360,11,0000011101110010001,0,0x60EE460F,0
1777390146.616714,203,11,1011100110100111110,0,0x7734FBC1,0
1777390146.617714,206,11,0000111011100100010,0,0x61DC8B61,0
1777390146.618714,360,11,0101101010001011001,0,0x6B51670F,0
1777390146.619714,203,11,0000100001010110011,0,0x610ACDC1,0
1777390146.620714,206,11,0111000001000110010,1,0xEE08CB61,0
1777390146.621714,360,11,1011110101100011001,0,0x77AC670F,0
1777390146.622714,203,11,1010010101011011100,1,0xF4AB72C1,0
1777390146.623714,206,11,1101010011101000001,0,0x7A9D0561,0
1777390146.624714,206,11,1000011101100110100,1,0xF0ECD361,0
1777390146.625714,360,11,1110000000110100111,0,0x7C069E0F,1
1777390146.626714,206,11,1000110000111010111,1,0xF1875E61,0
1777390146.627714,360,11,1001001001011110000,0,0x724BC10F,0
1777390146.628714,360,11,1110100100001110111,1,0xFD21DD0F,0
1777390146.629714,360,11,0110101111111001111,0,0x6D7F3E0F,0
1777390146.630714,206,11,0111100000111111011,1,0xEF07EE61,0
1777390146.631714,360,11,0100111100011000100,1,0xE9E3100F,0
1777390146.632714,203,11,0010001001100111111,0,0x644CFCC1,0
1777390146.633714,360,11,1010110010111011011,1,0xF5976C0F,0
1777390146.634714,360,11,1110110000001101001,0,0x7D81A70F,0
1777390146.635714,360,11,0001011110101011000,0,0x62F5630F,0
1777390146.636714,203,11,0110011100101010011,1,0xECE54DC1,0
1777390146.637714,206,11,1011011001000100101,0,0x76C89661,0
1777390146.638714,206,11,0010010100011101101,1,0xE4A3B761,0
1777390146.639714,206,11,1100001011110001010,0,0x785E2A61,0
1777390146.640714,203,11,0010001001111111000,1,0xE44FE0C1,0
1777390146.641714,206,11,0111111011011110100,0,0x6FDBD161,0
1777390146.642714,203,11,0010100111010000110,0,0x653A1BC1,0
1777390146.643714,203,11,0111100010110100101,0,0x6F1697C1,0
1777390146.644714,360,11,1011111110010011011,1,0xF7F26E0F,0
1777390146.645714,203,11,0111110000001001010,0,0x6F812BC1,0
1777390146.646714,360,11,0110011010001101011,1,0xECD1AF0F,0
1777390146.647714,203,11,1001010100011000010,0,0x72A30AC1,0
1777390146.648714,360,11,1010000101000010100,1,0xF428500F,0
1777390146.649714,206,11,0000100111100100110,1,0xE13C9961,0
1777390146.650714,360,11,0111101101001110100,1,0xEF69D20F,0
1777390146.651714,203,11,0000001111100110000,1,0xE07CC0C1,0
1777390146.652714,360,11,1100011010000011110,1,0xF8D07A0F,0
1777390146.653714,203,11,1000111001100101001,1,0xF1CCA7C1,0
1777390146.654714,360,11,0001010100111001110,0,0x62A73B0F,0
1777390146.655714,360,11,0011000010000110010,0,0x6610C90F,0
1777390146.656714,360,11,1110110100001001010,0,0x7DA1280F,0
1777390146.657714,206,11,0101111100001111100,1,0xEBE1F061,0
1777390146.658714,203,11,0110100011100000001,0,0x6D1C06C1,0
1777390146.659714,203,11,1010111101001010011,0,0x75E94EC1,0
1777390146.660714,206,11,1001110110010100000,1,0xF3B28161,0
1777390146.661714,360,00,0101000000100010001,1,0x8A04460F,1
1777390146.662714,206,11,0010011100100001111,0,0x64E43D61,0
1777390146.663714,360,11,1100010011011110000,1,0xF89BC10F,0
1777390146.664714,206,11,1111011000001110010,0,0x7EC1C861,0
1777390146.665714,360,11,0100001111101011110,1,0xE87D790F,0
1777390146.666714,360,11,1101010101111010001,0,0x7AAF470F,0
1777390146.667714,203,11,1101001011101110111,0,0x7A5DDDC1,0
1777390146.668714,360,11,0000110010110110010,0,0x6196C90F,0
1777390146.669714,206,11,1010011011011011101,0,0x74DB7461,0
1777390146.670714,206,11,0101011111011000000,0,0x6AFB0161,0
1777390146.671714,360,11,0011111001111100001,1,0xE7CF860F,0
1777390146.672714,360,11,0001101001100111101,0,0x634CF50F,0
1777390146.673714,206,11,0000000110100100111,0,0x60349E61,0
1777390146.674714,206,11,0000001100100101001,1,0xE064A661,0
1777390146.675714,360,11,0011000001111000000,0,0x660F020F,0
1777390146.676714,360,11,0001001100010110011,1,0xE262CF0F,0
1777390146.677714,203,11,1001001000101000010,1,0xF2450AC1,0
1777390146.678714,203,11,0001110111000111011,0,0x63B8EDC1,0
1777390146.679714,203,11,1110100001001000000,1,0xFD0901C1,0
1777390146.680714,203,11,0111101001101000011,1,0xEF4D0DC1,0
1777390146.681714,203,11,1101001000110110000,1,0xFA46C2C1,0
1777390146.682714,360,11,0010101111100001110,0,0x657C390F,0
1777390146.683714,206,11,0111111111101111000,0,0x6FFDE061,0
1777390146.684714,203,11,1001100011101110111,0,0x731DDFC1,0
1777390146.685714,360,11,0111001100011100100,0,0x6E63930F,0
1777390146.686714,203,11,1000101011010101010,0,0x715AAAC1,0
1777390146.687714,360,11,1010101110101110000,0,0x7575C10F,0
1777390146.688714,203,11,0011110111110000101,1,0xE7BE17C1,0
1777390146.689714,360,11,1010001001100101110,0,0x744CB80F,0
1777390146.690714,203,11,0111000010110100111,0,0x6E169CC1,0
1777390146.691714,206,11,1001100101001111110,1,0xF329FB61,0
1777390146.692714,206,11,0011101100101110110,1,0xE765DB61,0
1777390146.693714,360,11,0100111110100100101,1,0xE9F4970F,0
1777390146.694714,203,11,1010101111010011111,1,0xF57A7FC1,0
1777390146.695714,360,11,0111010100000101000,1,0xEEA0A10F,0
1777390146.696714,360,11,1001011110110010110,0,0x72F65B0F,0
1777390146.697714,360,11,0011100100010111001,1,0xE722E60F,0
1777390146.698714,203,11,1000110100101011010,0,0x71A56AC1,0
1777390146.699714,203,11,1110000111010001000,0,0x7C3A23C1,0
1777390146.700714,360,11,0110001110110011011,0,0x6C766F0F,0
1777390146.701714,206,11,0100001111110010110,0,0x687E5861,0
1777390146.702714,360,11,0111110000000001110,0,0x6F80390F,0
1777390146.703714,206,11,0110111001100001001,1,0xEDCC2461,0
1777390146.704714,203,11,1111100001010111000,1,0xFF0AE2C1,0
1777390146.705714,360,11,1010111010111000000,1,0xF5D7020F,0
1777390146.706714,206,11,0100011000000110110,1,0xE8C0D861,0
1777390146.707714,360,11,1010100101011110001,0,0x752BC50F,0
1777390146.708714,203,11,1010011101010111011,1,0xF4EAEDC1,0
1777390146.709714,360,11,0010001011101010100,0,0x645D520F,0
1777390146.710714,203,11,0101011111111000101,1,0xEAFF15C1,0
1777390146.711714,203,11,0001011001010000101,1,0xE2CA14C1,0
1777390146.712714,206,11,1010111100001011100,0,0x75E17061,0
1777390146.713714,360,11,0110011110101101111,0,0x6CF5BF0F,0
1777390146.714714,203,11,1011111100000101000,1,0xF7E0A3C1,0
1777390146.715714,203,11,1101101011111101011,0,0x7B5FAFC1,0
1777390146.716714,360,11,1000110110101111110,1,0xF1B5FB0F,0
1777390146.717714,203,11,1001011111010101101,0,0x72FAB7C1,0
1777390146.718714,203,11,1010000111001110010,1,0xF439CBC1,0
1777390146.719714,206,11,1101001010110101011,0,0x7A56AD61,0
1777390146.720714,203,11,1001111100100110101,0,0x73E4D6C1,0
1777390146.721714,206,11,1010000111110100100,1,0xF43E9061,0
1777390146.722714,203,11,1110001110001011101,0,0x7C7176C1,0
1777390146.723714,360,11,1111101001000011000,0,0x7F48600F,0
1777390146.724714,360,11,0010000000010010101,1,0xE402560F,0
1777390146.725714,203,11,0000101110101111100,0,0x6175F0C1,0
1777390146.726714,360,11,0011010000010001100,1,0xE682330F,0
1777390146.727714,206,11,0111100101110100001,1,0xEF2E8661,0
1777390146.728714,206,11,1010100111101001111,0,0x753D3C61,0
1777390146.729714,206,11,0011011011011110011,0,0x66DBCF61,0
1777390146.730714,360,11,0010010001010100010,0,0x648A8A0F,0
1777390146.731714,203,11,0100011001000101110,1,0xE8C8BAC1,0
1777390146.732714,360,11,1110001011101011000,0,0x7C5D620F,0
1777390146.733714,360,11,0001011110011101100,0,0x62F3B10F,0
1777390146.734714,203,11,0000000111010110000,0,0x603AC0C1,0
1777390146.735714,203,11,0011111110001101100,1,0xE7F1B0C1,0
1777390146.736714,203,11,0101111011111011100,1,0xEBDF73C1,0
1777390146.737714,203,11,0100110010000101100,1,0xE990B3C1,0
1777390146.738714,203,11,0110000111001111101,0,0x6C39F6C1,0
1777390146.739714,206,11,0101111111000001000,0,0x6BF82261,0
1777390146.740714,206,11,1111100110010001111,0,0x7F323F61,0
1777390146.741714,360,11,0111110101000110000,1,0xEFA8C20F,0
1777390146.742714,203,11,1001101001110110111,1,0xF34EDEC1,0
1777390146.743714,206,11,0101010101000001110,0,0x6AA83861,0
1777390146.744714,360,11,1011010010111101010,0,0x7697AB0F,0
1777390146.745714,206,11,0010011001110001011,0,0x64CE2E61,0
1777390146.746714,360,11,1000111100010101101,0,0x71E2B50F,0
1777390146.747714,203,11,1001000001011110101,0,0x720BD6C1,0
1777390146.748714,203,11,1011110111001111111,1,0xF7B9FCC1,0
1777390146.749714,206,11,0101010111000100110,1,0xEAB89861,0
1777390146.750714,206,11,1001010010110110000,1,0xF296C261,0
1777390146.751714,203,11,0110110111011000111,1,0xEDBB1DC1,0
1777390146.752714,360,11,0011010100011011101,1,0xE6A3740F,0
1777390146.753714,206,11,0010111011000011000,1,0xE5D86161,0
1777390146.754714,206,11,1111000110000101110,1,0xFE30B961,0
1777390146.755714,206,11,1110011001001010100,1,0xFCC95361,0
1777390146.756714,360,11,0111110011000100100,1,0xEF98910F,0
1777390146.757714,360,11,0100110110100010000,1,0xE9B4420F,0
1777390146.758714,360,11,1011001001111011110,1,0xF64F780F,0
1777390146.759714,360,11,0101111011100011000,0,0x6BDC610F,0
1777390146.760714,203,10,0110110111011010111,1,0xCDBB5FC1,1
1777390146.761714,360,11,1100010000101011000,1,0xF885620F,0
1777390146.762714,206,11,1110101110000011001,1,0xFD706661,0
1777390146.763714,206,11,0110110111010000100,0,0x6DBA1261,0
1777390146.764714,360,10,0100111011101100001,1,0xC9DD870F,1
1777390146.765714,203,11,1111110001101110011,1,0xFF8DCCC1,0
1777390146.766714,206,11,1111001101011110110,0,0x7E6BDA61,0
1777390146.767714,203,11,1001110011001000011,1,0xF3990CC1,0
1777390146.768714,206,11,0011011001010110000,0,0x66CAC361,0
1777390146.769714,203,11,1010000101011111110,0,0x742BFAC1,0
1777390146.770714,206,11,1001010101001000010,1,0xF2A90861,0
1777390146.771714,206,11,0011111111010111001,0,0x67FAE561,0
1777390146.772714,206,11,1010110010001001100,0,0x75913361,0
1777390146.773714,206,11,1111110010001100011,1,0xFF918F61,0
1777390146.774714,206,11,0101110110000000101,1,0xEBB01661,0
1777390146.775714,360,11,0100100010101100010,0,0x6915880F,0
1777390146.776714,203,11,0000110001100001010,0,0x618C28C1,0
1777390146.777714,203,11,1110010110111101110,1,0xFCB7B8C1,0
1777390146.778714,360,11,0101000011101100010,0,0x6A1D890F,0
1777390146.779714,360,11,0011000101001101111,0,0x6629BD0F,0
1777390146.780714,206,11,1011110111111110001,0,0x77BFC461,0
1777390146.781714,360,11,0001000111101001011,0,0x623D2C0F,0
1777390146.782714,206,11,1111100010110011111,0,0x7F167D61,0
1777390146.783714,203,11,0110111011001110010,1,0xEDD9C8C1,0
1777390146.784714,206,11,1010111100101010111,1,0xF5E55D61,0
1777390146.785714,206,11,1010110100001000110,1,0xF5A11A61,0
1777390146.786714,203,11,1001111111001101000,0,0x73F9A1C1,0
1777390146.787714,203,11,0110000001110000011,1,0xEC0E0FC1,0
1777390146.788714,206,11,1110001110001100101,1,0xFC719661,0
1777390146.789714,206,11,1010011111000111011,0,0x74F8EC61,0
1777390146.790714,360,11,1010110000101001110,1,0xF585390F,0
1777390146.791714,360,11,1010010000110000001,1,0xF486040F,0
1777390146.792714,206,11,0011111101000110001,1,0xE7E8C561,0
1777390146.793714,360,11,0111000010001111001,1,0xEE11E50F,0
1777390146.794714,206,11,1000000110001100000,0,0x70318161,0
1777390146.795714,206,11,1000110000111111000,1,0xF187E061,0
1777390146.796714,203,11,0010111001111010101,0,0x65CF55C1,0
1777390146.797714,203,11,0010011001011000001,0,0x64CB06C1,0
1777390146.798714,360,11,1100000100101110111,0,0x7825DD0F,0
1777390146.799714,360,11,1010000001001011000,0,0x7409620F,0
1777390146.800714,203,11,1000110011000101100,0,0x7198B0C1,0
1777390146.801714,360,11,0110110111111010110,1,0xEDBF5A0F,0
1777390146.802714,360,11,1110111001111000100,1,0xFDCF110F,0
1777390146.803714,203,11,1101011010100101000,1,0xFAD4A3C1,0
1777390146.804714,360,11,1111101100110001010,1,0xFF662A0F,0
1777390146.805714,206,11,1100010101010110111,0,0x78AADD61,0
1777390146.806714,360,11,1101001001010001001,0,0x7A4A250F,0
1777390146.807714,203,11,1001101110001101010,1,0xF371A9C1,0
1777390146.808714,206,11,1000000011101101111,1,0xF01DBE61,0
1777390146.809714,206,11,0000000001011000111,1,0xE00B1E61,0
1777390146.810714,206,11,0010110101101001010,0,0x65AD2A61,0
1777390146.811714,206,11,0110000100001001100,0,0x6C213361,0
1777390146.812714,203,11,1110011101110110000,1,0xFCEEC3C1,0
1777390146.813714,360,11,0001100101100111011,1,0xE32CEF0F,0
1777390146.814714,360,11,0111000111001011110,1,0xEE39790F,0
1777390146.815714,206,11,1100111010100010000,0,0x79D44361,0
1777390146.816714,360,11,1100110110110010001,0,0x79B6460F,0
